<?xml version="1.0" encoding="UTF-8" standalone="yes"?>

<addon id="wtyczka.telewizja.polska"
 		name=" [COLOR aqua]TELE-WIZJA POLSKA[/COLOR] "
 		version="3.0.7"
 		provider-name="..::noVak::..™">
	<requires>
		<import addon="xbmc.python" version="2.1.0"/>
		<import addon="script.module.tvnplayer" version="1.0.0"/>
	</requires>
	<extension point="xbmc.python.pluginsource" library="default.py">
		<provides>video</provides>
	</extension>
	<extension point="xbmc.addon.metadata">
		<summary> wszystko w wersji testowej! </summary>
		<description>[COLOR yellow]TELEWIZJA POLSKA[/COLOR][CR][CR]Wtyczka dająca dostęp do polskich kanałów tv oraz serwisów wideo.[CR][CR][COLOR darkgrey]WYKORZYSTANE ZASOBY: [CR]- logotypy tv -> mods-kodi.pl, sd-xbmc [CR]- pure-cast.net -> wyciągnięty kod ale bez zmian [CR]Reszta to moje wypociny więc kopiujcie ile wlezie!!![/COLOR] [CR][CR][COLOR gold]PayPal - neopack1@gmail.com   ;)[/COLOR]</description>
		<platform>all</platform>
		<license>GNU GENERAL PUBLIC LICENSE. Version 2, June 1991</license>
		<email>neopack1@gmail.com</email>
	</extension>
</addon>